[{"model": "auth.user", "pk": 1, "fields": {"password": "pbkdf2_sha256$36000$SiPHhmwwe6tM$RaRh6bKz7af7do//1V3Lj3TRXK/cyfsKKVFSIK86zxE=", "last_login": "2017-07-11T05:47:59.532Z", "is_superuser": true, "username": "admin", "first_name": "", "last_name": "", "email": "denisenko.s.kr@gmail.com", "is_staff": true, "is_active": true, "date_joined": "2017-07-06T17:51:43.252Z", "groups": [], "user_permissions": []}}, {"model": "bar.table", "pk": 1, "fields": {"seats": 4}}, {"model": "bar.table", "pk": 2, "fields": {"seats": 4}}, {"model": "bar.table", "pk": 3, "fields": {"seats": 4}}, {"model": "bar.table", "pk": 4, "fields": {"seats": 4}}, {"model": "bar.table", "pk": 5, "fields": {"seats": 6}}, {"model": "bar.table", "pk": 6, "fields": {"seats": 6}}, {"model": "bar.table", "pk": 7, "fields": {"seats": 6}}, {"model": "bar.table", "pk": 8, "fields": {"seats": 6}}, {"model": "bar.table", "pk": 9, "fields": {"seats": 6}}, {"model": "bar.table", "pk": 10, "fields": {"seats": 6}}, {"model": "bar.table", "pk": 11, "fields": {"seats": 6}}, {"model": "bar.table", "pk": 12, "fields": {"seats": 6}}, {"model": "bar.table", "pk": 13, "fields": {"seats": 4}}, {"model": "bar.table", "pk": 14, "fields": {"seats": 4}}, {"model": "bar.table", "pk": 15, "fields": {"seats": 4}}, {"model": "bar.table", "pk": 16, "fields": {"seats": 4}}, {"model": "bar.table", "pk": 17, "fields": {"seats": 4}}, {"model": "bar.table", "pk": 18, "fields": {"seats": 4}}, {"model": "bar.table", "pk": 19, "fields": {"seats": 4}}, {"model": "bar.table", "pk": 20, "fields": {"seats": 4}}, {"model": "bar.table", "pk": 21, "fields": {"seats": 4}}, {"model": "bar.table", "pk": 22, "fields": {"seats": 4}}, {"model": "bar.table", "pk": 23, "fields": {"seats": 4}}, {"model": "bar.table", "pk": 24, "fields": {"seats": 4}}, {"model": "bar.table", "pk": 25, "fields": {"seats": 4}}, {"model": "bar.table", "pk": 26, "fields": {"seats": 4}}, {"model": "bar.table", "pk": 27, "fields": {"seats": 4}}, {"model": "bar.table", "pk": 28, "fields": {"seats": 6}}, {"model": "bar.table", "pk": 29, "fields": {"seats": 6}}, {"model": "bar.table", "pk": 30, "fields": {"seats": 6}}, {"model": "bar.table", "pk": 31, "fields": {"seats": 6}}, {"model": "bar.table", "pk": 32, "fields": {"seats": 6}}, {"model": "bar.table", "pk": 33, "fields": {"seats": 6}}, {"model": "bar.table", "pk": 34, "fields": {"seats": 6}}, {"model": "bar.table", "pk": 35, "fields": {"seats": 6}}, {"model": "bar.table", "pk": 36, "fields": {"seats": 6}}, {"model": "bar.table", "pk": 37, "fields": {"seats": 6}}, {"model": "bar.table", "pk": 38, "fields": {"seats": 6}}, {"model": "bar.table", "pk": 39, "fields": {"seats": 6}}, {"model": "bar.table", "pk": 40, "fields": {"seats": 2}}, {"model": "bar.table", "pk": 41, "fields": {"seats": 6}}, {"model": "bar.table", "pk": 42, "fields": {"seats": 6}}, {"model": "bar.table", "pk": 43, "fields": {"seats": 6}}, {"model": "bar.table", "pk": 44, "fields": {"seats": 6}}, {"model": "bar.table", "pk": 45, "fields": {"seats": 3}}, {"model": "bar.table", "pk": 46, "fields": {"seats": 6}}, {"model": "bar.table", "pk": 47, "fields": {"seats": 6}}, {"model": "bar.table", "pk": 48, "fields": {"seats": 8}}, {"model": "bar.table", "pk": 49, "fields": {"seats": 8}}, {"model": "bar.table", "pk": 50, "fields": {"seats": 8}}, {"model": "bar.order", "pk": 1, "fields": {"date": "2017-07-06", "name": "s", "email": "serega_denisenko@mail.ru", "table": 48}}, {"model": "bar.order", "pk": 2, "fields": {"date": "2017-07-14", "name": "s", "email": "serega_denisenko@mail.ru", "table": 49}}, {"model": "bar.order", "pk": 3, "fields": {"date": "2017-07-20", "name": "s", "email": "serega_denisenko@mail.ru", "table": 49}}, {"model": "bar.order", "pk": 4, "fields": {"date": "2017-07-21", "name": "s", "email": "serega_denisenko@mail.ru", "table": 49}}, {"model": "bar.order", "pk": 5, "fields": {"date": "2017-07-20", "name": "s", "email": "serega_denisenko@mail.ru", "table": 50}}, {"model": "bar.order", "pk": 6, "fields": {"date": "2017-07-21", "name": "s", "email": "serega_denisenko@mail.ru", "table": 48}}, {"model": "bar.order", "pk": 7, "fields": {"date": "2017-07-15", "name": "s", "email": "serega_denisenko@mail.ru", "table": 49}}, {"model": "bar.order", "pk": 8, "fields": {"date": "2017-07-11", "name": "s", "email": "serega_denisenko@mail.ru", "table": 41}}, {"model": "bar.order", "pk": 9, "fields": {"date": "2017-07-11", "name": "s", "email": "serega_denisenko@mail.ru", "table": 49}}, {"model": "bar.order", "pk": 10, "fields": {"date": "2017-07-12", "name": "s", "email": "serega_denisenko@mail.ru", "table": 37}}, {"model": "bar.order", "pk": 11, "fields": {"date": "2017-07-12", "name": "s", "email": "serega_denisenko@mail.ru", "table": 50}}, {"model": "bar.order", "pk": 12, "fields": {"date": "2017-07-13", "name": "s", "email": "serega_denisenko@mail.ru", "table": 45}}, {"model": "bar.order", "pk": 13, "fields": {"date": "2017-07-12", "name": "s", "email": "serega_denisenko@mail.ru", "table": 48}}, {"model": "bar.order", "pk": 14, "fields": {"date": "2017-07-13", "name": "s", "email": "serega_denisenko@mail.ru", "table": 50}}, {"model": "bar.order", "pk": 15, "fields": {"date": "2017-07-12", "name": "s", "email": "serega_denisenko@mail.ru", "table": 49}}, {"model": "bar.order", "pk": 16, "fields": {"date": "2017-07-12", "name": "s", "email": "serega_denisenko@mail.ru", "table": 18}}, {"model": "bar.stock", "pk": 1, "fields": {"name": "\u0411\u0438\u0437\u043d\u0435\u0441-\u043b\u0430\u043d\u0447", "image": "stock/lunch_12-17.jpg", "discount": 15, "description": "\u0411\u0438\u0437\u043d\u0435\u0441-\u041b\u0430\u043d\u0447 \u043f\u043e \u0431\u0443\u0434\u043d\u044f\u043c \u0441 12:00 \u0434\u043e 17:00.\r\n\r\n\u041b\u0410\u041d\u0427 \u21161 - \u0421\u0430\u043b\u0430\u0442/\u0417\u0430\u043a\u0443\u0441\u043a\u0430 + \u0421\u0443\u043f = 45\u0433\u0440\u043d\r\n\r\n\u0412\u043e \u0432\u0440\u0435\u043c\u044f \u043b\u0430\u043d\u0447\u0430 \u043d\u0430 \u0432\u0441\u0435 \u043c\u0435\u043d\u044e \u0434\u0435\u0439\u0441\u0442\u0432\u0443\u0435\u0442 \u0441\u043a\u0438\u0434\u043a\u0430 15%!", "start_stock": "2017-07-11", "end_stock": "2017-07-20"}}, {"model": "bar.stock", "pk": 2, "fields": {"name": "\u0421\u0447\u0430\u0441\u0442\u043b\u0438\u0432\u044b\u0435 \u0447\u0430\u0441\u044b", "image": "stock/\u0431\u0430\u043d\u043d\u0435\u0440_\u0434\u043b\u044f_\u0441\u0430\u0439\u0442\u0430_\u0414\u043d\u0435\u043f\u04403.jpg", "discount": 25, "description": "\u0415\u0436\u0435\u0434\u043d\u0435\u0432\u043d\u043e \u0432 \"\u0441\u0447\u0430\u0441\u0442\u043b\u0438\u0432\u044b\u0435 \u0447\u0430\u0441\u044b\", \u0441 18:00 \u0434\u043e 20:00,\r\n\u0412\u044b \u043c\u043e\u0436\u0435\u0442\u0435 \u0437\u0430\u043a\u0430\u0437\u0430\u0442\u044c \u0443 \u043d\u0430\u0441 \u0434\u0432\u0430 \u043e\u0434\u0438\u043d\u0430\u043a\u043e\u0432\u044b\u0445 \u0431\u043b\u044e\u0434\u0430\r\n\u0438 \u043f\u043e\u043b\u0443\u0447\u0438\u0442\u044c \u0442\u043e\u0447\u043d\u043e \u0442\u0430\u043a\u043e\u0435 \u0436\u0435 \u0432 \u043f\u043e\u0434\u0430\u0440\u043e\u043a!", "start_stock": "2017-07-12", "end_stock": "2017-08-31"}}, {"model": "bar.stock", "pk": 3, "fields": {"name": "\u0412\u043a\u0443\u0441\u043d\u043e\u0435 \u043a\u043e\u0444\u0435", "image": "stock/hgjhjhjghjkuy.jpg", "discount": 40, "description": "\u0423 \u043d\u0430\u0441 \u0437\u0430\u043c\u0435\u0447\u0430\u0442\u0435\u043b\u044c\u043d\u043e\u0435 \u043c\u0435\u0441\u0442\u043e, \u0433\u0434\u0435 \u043c\u043e\u0436\u043d\u043e \u043f\u043e\u043f\u0440\u043e\u0431\u043e\u0432\u0430\u0442\u044c \u0432\u043a\u0443\u0441\u043d\u0435\u0439\u0448\u0443\u044e \u0432\u044b\u043f\u0435\u0447\u043a\u0443, \u0437\u0430\u043c\u0435\u0447\u0430\u0442\u0435\u043b\u044c\u043d\u044b\u0439 \u043a\u043e\u0444\u0435 \u0438 \u0447\u0430\u0439, \u0430 \u0442\u0430\u043a\u0436\u0435 \u0434\u0440\u0443\u0433\u0438\u0435 \u0431\u043b\u044e\u0434\u0430 - \u0438 \u0432\u0441\u0435 \u044d\u0442\u043e \u0441\u043e \u0441\u043a\u0438\u0434\u043a\u043e\u0439 40%!", "start_stock": "2017-08-01", "end_stock": "2017-08-31"}}, {"model": "bar.stock", "pk": 4, "fields": {"name": "\u041f\u0440\u0438\u0433\u043e\u0442\u043e\u0432\u044c \u0441\u0430\u043b\u0430\u0442 \u043d\u0430 \u0441\u0432\u043e\u0439 \u0432\u043a\u0443\u0441.", "image": "stock/6268-12737-big.jpg", "discount": 20, "description": "\u0421 \u043d\u0430\u043c\u0438 \u0432\u044b \u0443\u0437\u043d\u0430\u0435\u0442\u0435, \u043a\u0430\u043a \u043f\u0440\u0438\u0433\u043e\u0442\u043e\u0432\u0438\u0442\u044c \u0432\u043a\u0443\u0441\u043d\u044b\u0435 \u0441\u0430\u043b\u0430\u0442\u044b \u0438\u0437 \u043e\u0432\u043e\u0449\u0435\u0439 \u0438 \u0444\u0440\u0443\u043a\u0442\u043e\u0432. \u041e\u043d\u0438 \u043e\u0447\u0435\u043d\u044c \u043b\u0451\u0433\u043a\u0438\u0435 \u0438 \u043f\u0440\u0438 \u044d\u0442\u043e\u043c \u043f\u043e\u043b\u0435\u0437\u043d\u044b\u0435. \u0422\u0430\u043a\u0438\u0435 \u0431\u043b\u044e\u0434\u0430 \u043e\u0442\u043b\u0438\u0447\u043d\u043e \u043f\u043e\u0434\u043e\u0439\u0434\u0443\u0442 \u0438 \u0434\u043b\u044f \u0434\u0435\u0442\u0441\u043a\u043e\u0433\u043e \u043c\u0435\u043d\u044e, \u0438 \u0434\u043b\u044f \u0442\u0435\u0445, \u043a\u0442\u043e \u043f\u0440\u0438\u0434\u0435\u0440\u0436\u0438\u0432\u0430\u0435\u0442\u0441\u044f \u0434\u0438\u0435\u0442\u044b.", "start_stock": "2017-07-29", "end_stock": "2017-08-10"}}, {"model": "bar.categorymenu", "pk": 1, "fields": {"name": "\u0413\u043e\u0440\u044f\u0447\u0438\u0435 \u0431\u043b\u044e\u0434\u0430", "image": "category/Zapekanka_Karmen_1.jpg"}}, {"model": "bar.categorymenu", "pk": 2, "fields": {"name": "\u0421\u0443\u043f\u044b", "image": "category/IMG_8425.jpg"}}, {"model": "bar.categorymenu", "pk": 3, "fields": {"name": "\u0421\u0430\u043b\u0430\u0442\u044b", "image": "category/Marokanskiy_Zakat.jpg"}}, {"model": "bar.categorymenu", "pk": 4, "fields": {"name": "\u0414\u0435\u0441\u0435\u0440\u0442\u044b", "image": "category/limonny-yummy.jpg"}}, {"model": "bar.categorymenu", "pk": 5, "fields": {"name": "\u0421\u043c\u0443\u0437\u0438 \u0438 \u0441\u043e\u043a\u0438", "image": "category/zTko2FxSGIk.jpg"}}, {"model": "bar.categorymenu", "pk": 6, "fields": {"name": "\u0413\u043e\u0440\u044f\u0447\u0438\u0435 \u043d\u0430\u043f\u0438\u0442\u043a\u0438", "image": "category/33.jpg"}}, {"model": "bar.categorymenu", "pk": 7, "fields": {"name": "\u0411\u0438\u0437\u043d\u0435\u0441-\u043b\u0430\u043d\u0447", "image": "category/w0NRWivCOX0.jpg"}}, {"model": "bar.food", "pk": 1, "fields": {"name": "\u041a\u0430\u0440\u043c\u0435\u043d", "image": "food/Zapekanka_Karmen_1.jpg", "portion": 330, "description": "\u041d\u0435\u0436\u043d\u0430\u044f \u0437\u0430\u043f\u0435\u043a\u0430\u043d\u043a\u0430 \u0438\u0437 \u0442\u043e\u0444\u0443 \u0441 \u043e\u0440\u0435\u0448\u043a\u0430\u043c\u0438 \u043a\u0435\u0448\u044c\u044e \u0438 \u043e\u0432\u043e\u0449\u0430\u043c\u0438. \u041f\u043e\u0434\u0430\u0435\u0442\u0441\u044f \u0441 \u0437\u0430\u043f\u0435\u0447\u0435\u043d\u043d\u043e\u0439 \u0442\u043e\u0440\u0442\u0438\u043b\u044c\u0435\u0439, \u0441\u043e\u0443\u0441\u043e\u043c \u0442\u0430\u0440-\u0442\u0430\u0440 \u0438 \u0441\u0430\u043b\u044c\u0441\u043e\u0439.", "price": "80.00", "category": 1}}, {"model": "bar.food", "pk": 2, "fields": {"name": "\u041d\u0435\u0436\u043d\u044b\u0439 \u0411\u0440\u043e\u043a\u043a\u043e\u043b\u0438", "image": "food/IMG_8425.jpg", "portion": 350, "description": "\u0421\u0443\u043f\u0447\u0438\u043a \u0438\u0437 \u0431\u0440\u043e\u043a\u043a\u043e\u043b\u0438 \u043d\u0430 \u043d\u0435\u0436\u043d\u0435\u0439\u0448\u0435\u043c \u043a\u043e\u043a\u043e\u0441\u043e\u0432\u043e\u043c \u043c\u043e\u043b\u043e\u043a\u0435.", "price": "50.00", "category": 2}}, {"model": "bar.food", "pk": 3, "fields": {"name": "\u0424\u0430\u043b\u0430\u0444\u0435\u043b\u044c \u0441 \u0441\u044b\u0440\u043e\u043c", "image": "food/1.jpg", "portion": 260, "description": "\u0424\u0430\u043b\u0430\u0444\u0435\u043b\u044c \u0441 \u0432\u0435\u0433\u0430\u043d\u0441\u043a\u0438\u043c \u0441\u044b\u0440\u043e\u043c Volko Molko, \u043f\u043e\u0434\u0430\u0435\u0442\u0441\u044f \u043e\u0431\u0436\u0430\u0440\u0435\u043d\u043d\u043e\u0439 \u0442\u043e\u0440\u0442\u0438\u043b\u044c\u0435\u0439, \u0441\u0430\u043b\u044c\u0441\u043e\u0439, \u0445\u0443\u043c\u0443\u0441\u043e\u043c \u0438 \u0441\u043e\u0443\u0441\u043e\u043c \u0431\u0430\u0440\u0431\u0435\u043a\u044e.", "price": "70.00", "category": 1}}, {"model": "bar.food", "pk": 4, "fields": {"name": "\u0413\u0430\u0432\u0430\u0439\u0441\u043a\u0430\u044f \u041f\u0438\u0446\u0446\u0430", "image": "food/2.jpg", "portion": 450, "description": "\u0410\u0440\u043e\u043c\u0430\u0442\u043d\u0430\u044f \u043f\u0438\u0446\u0446\u0430 \u0441 \u0430\u043d\u0430\u043d\u0430\u0441\u043e\u043c \u0438 \u043f\u0448\u0435\u043d\u0438\u0447\u043d\u043e\u0439 \u0432\u0435\u0442\u0447\u0438\u043d\u043e\u0439.", "price": "120.00", "category": 1}}, {"model": "bar.food", "pk": 5, "fields": {"name": "\u0413\u0440\u0438\u0431\u043d\u0430\u044f \u041f\u0438\u0446\u0446\u0430", "image": "food/3.jpg", "portion": 430, "description": "\u041f\u0438\u0446\u0446\u0430 \u0441 \u0445\u0443\u043c\u0443\u0441\u043e\u043c, \u0448\u0430\u043c\u043f\u0438\u043d\u044c\u043e\u043d\u0430\u043c\u0438, \u0432\u044f\u043b\u0435\u043d\u044b\u043c\u0438 \u0442\u043e\u043c\u0430\u0442\u0430\u043c\u0438 \u0438 \u0432\u0435\u0433\u0430\u043d\u0441\u043a\u0438\u043c \u0441\u044b\u0440\u043e\u043c \u0412\u043e\u043b\u043a\u043e\u043c\u043e\u043b\u043a\u043e.", "price": "110.00", "category": 1}}, {"model": "bar.food", "pk": 6, "fields": {"name": "\u041f\u0438\u0446\u0446\u0430 \u041c\u0430\u0440\u0433\u0430\u0440\u0438\u0442\u0430 \u0441 \u043c\u0430\u0441\u043b\u0438\u043d\u0430\u043c\u0438", "image": "food/4.jpg", "portion": 430, "description": "\u041f\u0438\u0446\u0446\u0430 \u0441 \u0442\u043e\u043c\u0430\u0442\u0430\u043c\u0438, \u043c\u0430\u0441\u043b\u0438\u043d\u0430\u043c\u0438 \u0438 \u0432\u0435\u0433\u0430\u043d\u0441\u043a\u0438\u043c \u0441\u044b\u0440\u043e\u043c.", "price": "99.00", "category": 1}}, {"model": "bar.food", "pk": 7, "fields": {"name": "\u041f\u0438\u043b\u0430\u0444", "image": "food/5.jpg", "portion": 250, "description": "\u0421\u043c\u0435\u0441\u044c \u0431\u0435\u043b\u043e\u0433\u043e \u0438 \u0447\u0435\u0440\u043d\u043e\u0433\u043e \u0440\u0438\u0441\u0430, \u043e\u0431\u0436\u0430\u0440\u0435\u043d\u043d\u043e\u0433\u043e \u0441 \u043e\u0432\u043e\u0449\u0430\u043c\u0438 \u0438 \u0444\u0430\u0441\u043e\u043b\u044c\u044e.", "price": "45.00", "category": 1}}, {"model": "bar.food", "pk": 8, "fields": {"name": "\u0414\u043e\u0431\u0440\u044b\u0439 \u0428\u043d\u0438\u0446\u0435\u043b\u044c", "image": "food/6.jpg", "portion": 300, "description": "\u0421\u043e\u0435\u0432\u044b\u0439 \u0448\u043d\u0438\u0446\u0435\u043b\u044c, \u043f\u043e\u0434\u0430\u0435\u0442\u0441\u044f \u0441 \u0440\u0438\u0441\u043e\u043c \u0432 \u0448\u043f\u0438\u043d\u0430\u0442\u043d\u043e\u043c \u0441\u043e\u0443\u0441\u0435 \u0438 \u0441\u0430\u043b\u0430\u0442\u043d\u044b\u043c \u043c\u0438\u043a\u0441\u043e\u043c.", "price": "50.00", "category": 1}}, {"model": "bar.food", "pk": 9, "fields": {"name": "\u0421\u0435\u043c\u0435\u043d \u0421\u0435\u043c\u0435\u043d\u044b\u0447", "image": "food/7.jpg", "portion": 300, "description": "\u0417\u0430\u043f\u0435\u0447\u0435\u043d\u043d\u044b\u0435 \u043a\u043e\u0442\u043b\u0435\u0442\u043a\u0438 \u0438\u0437 \u0441\u0435\u043c\u044f\u043d \u043f\u043e\u0434\u0441\u043e\u043b\u043d\u0435\u0447\u043d\u0438\u043a\u0430 \u0438 \u0442\u044b\u043a\u0432\u044b, \u043f\u043e\u0434\u0430\u044e\u0442\u0441\u044f \u0441 \u0433\u0440\u0435\u0447\u043a\u043e\u0439 \u0438 \u0441\u0430\u043b\u0430\u0442\u043d\u044b\u043c \u043c\u0438\u043a\u0441\u043e\u043c.", "price": "70.00", "category": 1}}, {"model": "bar.food", "pk": 10, "fields": {"name": "\u0424\u0430\u043b\u0430\u0444\u0435\u043b\u044c \u0432 \u041b\u0430\u0432\u0430\u0448\u0435", "image": "food/8.jpg", "portion": 280, "description": "\u041d\u0430\u0448 \u0444\u0438\u0440\u043c\u0435\u043d\u043d\u044b\u0439 \u0444\u0430\u043b\u0430\u0444\u0435\u043b\u044c \u0441 \u0445\u0443\u043c\u0443\u0441\u043e\u043c \u0438 \u0442\u043e\u043c\u0430\u0442\u043d\u044b\u043c \u0441\u043e\u0443\u0441\u043e\u043c \u0438 \u043e\u0432\u043e\u0449\u0430\u043c\u0438.", "price": "30.00", "category": 1}}, {"model": "bar.food", "pk": 11, "fields": {"name": "\u0412\u0435\u0433\u0430\u043d\u0441\u043a\u0430\u044f \u0428\u0430\u0443\u0440\u043c\u0430", "image": "food/9.png", "portion": 300, "description": "\u0412\u043a\u0443\u0441\u043d\u0435\u0439\u0448\u0430\u044f \u0448\u0430\u0443\u0440\u043c\u0430 \u0441 \u0441\u043e\u0435\u0432\u044b\u043c \u0448\u043d\u0438\u0446\u0435\u043b\u0435\u043c, \u0445\u0443\u043c\u0443\u0441\u043e\u043c, \u043f\u043e\u043c\u0438\u0434\u043e\u0440\u0430\u043c\u0438 \u0438 \u0441\u043e\u043b\u0435\u043d\u044b\u043c\u0438 \u043e\u0433\u0443\u0440\u0447\u0438\u043a\u0430\u043c\u0438.", "price": "45.00", "category": 1}}, {"model": "bar.food", "pk": 12, "fields": {"name": "\u0421\u0443\u043f\u0447\u0438\u043a \u0441 \u041f\u0435\u043b\u044c\u043c\u0435\u0448\u043a\u0430\u043c\u0438", "image": "food/10.jpg", "portion": 350, "description": "\u0422\u043e\u0444\u0443, \u0448\u0430\u043c\u043f\u0438\u043d\u044c\u043e\u043d\u044b, \u0438\u043c\u0431\u0438\u0440\u044c, \u043f\u0435\u043a\u0438\u043d\u0441\u043a\u0430\u044f \u043a\u0430\u043f\u0443\u0441\u0442\u0430, \u0431\u043e\u043b\u0433\u0430\u0440\u0441\u043a\u0438\u0439 \u043f\u0435\u0440\u0435\u0446, \u0441\u043e\u0435\u0432\u044b\u0439 \u0448\u043d\u0438\u0446\u0435\u043b\u044c.", "price": "50.00", "category": 2}}, {"model": "bar.food", "pk": 13, "fields": {"name": "\u0427\u0435\u0447\u0435\u0432\u0438\u0447\u043d\u044b\u0439 \u0421\u0443\u043f\u0447\u0438\u043a", "image": "food/11.jpg", "portion": 350, "description": "\u0421\u043e\u0433\u0440\u0435\u0432\u0430\u044e\u0449\u0438\u0439 \u0441\u0443\u043f\u0447\u0438\u043a \u0438\u0437 \u043a\u0440\u0430\u0441\u043d\u043e\u0439 \u0447\u0435\u0447\u0435\u0432\u0438\u0446\u044b \u0441 \u043d\u043e\u0442\u043a\u0430\u043c\u0438 \u043c\u044f\u0442\u044b \u0438 \u043b\u0438\u043c\u043e\u043d\u0430.", "price": "70.00", "category": 2}}, {"model": "bar.food", "pk": 14, "fields": {"name": "\u041e\u043b\u0438\u0432\u044c\u0435 \u043d\u0430 \u041a\u0430\u043d\u0438\u043a\u0443\u043b\u0430\u0445", "image": "food/12.jpg", "portion": 220, "description": "\u041d\u0443\u0442, \u0441\u0435\u043b\u044c\u0434\u0435\u0440\u0435\u0439, \u0432\u043e\u0434\u043e\u0440\u043e\u0441\u043b\u0438 \u043d\u043e\u0440\u0438, \u0432\u0435\u0433\u0430\u043d\u0441\u043a\u0438\u0439 \u043c\u0430\u0439\u043e\u043d\u0435\u0437, \u0441\u043e\u043b\u0435\u043d\u044b\u0435 \u043e\u0433\u0443\u0440\u0446\u044b, \u043a\u0440\u0430\u0441\u043d\u044b\u0439 \u043b\u0443\u043a, \u0430\u043d\u0430\u043d\u0430\u0441, \u043f\u043e\u043c\u0438\u0434\u043e\u0440\u044b.", "price": "40.00", "category": 3}}, {"model": "bar.food", "pk": 15, "fields": {"name": "\u041c\u0430\u0440\u043e\u043a\u043a\u0430\u043d\u0441\u043a\u0438\u0439 \u0417\u0430\u043a\u0430\u0442", "image": "food/13.jpg", "portion": 300, "description": "\u0421\u0432\u0435\u043a\u043b\u0430, \u0430\u043f\u0435\u043b\u044c\u0441\u0438\u043d, \u0441\u0430\u043b\u0430\u0442\u043d\u044b\u0439 \u043c\u0438\u043a\u0441, \u043a\u0435\u0434\u0440\u043e\u0432\u044b\u0435 \u043e\u0440\u0435\u0448\u043a\u0438, \u043c\u044f\u0442\u043d\u0430\u044f \u0437\u0430\u043f\u0440\u0430\u0432\u043a\u0430.", "price": "50.00", "category": 3}}, {"model": "bar.food", "pk": 16, "fields": {"name": "\u0426\u0435\u0437\u0430\u0440\u044c", "image": "food/14.jpg", "portion": 240, "description": "\u041d\u0430\u0448\u0430 \u0432\u0430\u0440\u0438\u0430\u0446\u0438\u044f \u043f\u043e\u043f\u0443\u043b\u044f\u0440\u043d\u043e\u0433\u043e \u0441\u0430\u043b\u0430\u0442\u0430 \u0446\u0435\u0437\u0430\u0440\u044c \u2014 \u0430\u0439\u0441\u0431\u0435\u0440\u0433, \u043f\u043e\u043c\u0438\u0434\u043e\u0440\u044b \u0447\u0435\u0440\u0440\u0438, \u0448\u043d\u0438\u0446\u0435\u043b\u044c, \u0440\u0430\u0441\u0442\u0438\u0442\u0435\u043b\u044c\u043d\u044b\u0439 \u0441\u044b\u0440.", "price": "48.00", "category": 3}}, {"model": "bar.food", "pk": 17, "fields": {"name": "\u041b\u0438\u043c\u043e\u043d\u043d\u044b\u0439 \u0442\u043e\u0440\u0442\u0438\u043a \"Yummy\"", "image": "food/15.jpg", "portion": 200, "description": "\u0421\u044b\u0440\u043e\u0435\u0434\u0447\u0435\u0441\u043a\u0438\u0439 \u0442\u043e\u0440\u0442 \u0441 \u043b\u0438\u043c\u043e\u043d\u043e\u043c, \u043a\u043e\u0440\u0438\u0446\u0435\u0439 \u0438 \u0438\u043c\u0431\u0438\u0440\u0435\u043c.", "price": "55.00", "category": 4}}, {"model": "bar.food", "pk": 18, "fields": {"name": "\u0422\u043e\u0440\u0442\u0438\u043a \"Yummy\" \u0441 \u0438\u043d\u0436\u0438\u0440\u043e\u043c \u0438 \u0433\u0440\u0443\u0448\u0435\u0439", "image": "food/16.jpg", "portion": 110, "description": "\u0421\u044b\u0440\u043e\u0435\u0434\u0447\u0435\u0441\u043a\u0438\u0439 \u0442\u043e\u0440\u0442 \u0438\u0437 \u043e\u0440\u0435\u0448\u043a\u043e\u0432 \u0441 \u0438\u043d\u0436\u0438\u0440\u043e\u043c \u0438 \u0433\u0440\u0443\u0448\u0435\u0439.", "price": "47.00", "category": 4}}, {"model": "bar.food", "pk": 19, "fields": {"name": "\u0427\u0435\u0440\u043d\u0438\u0447\u043d\u043e-\u0431\u0430\u043d\u0430\u043d\u043e\u0432\u044b\u0439 \u043a\u0435\u043a\u0441", "image": "food/17.jpg", "portion": 80, "description": "\u0427\u0435\u0440\u043d\u0438\u0447\u043d\u043e-\u0431\u0430\u043d\u0430\u043d\u043e\u0432\u044b\u0435 \u043a\u0435\u043a\u0441\u044b \u043d\u0430 \u043a\u043e\u043a\u043e\u0441\u043e\u0432\u043e\u043c \u043c\u043e\u043b\u043e\u043a\u0435.", "price": "30.00", "category": 4}}, {"model": "bar.food", "pk": 20, "fields": {"name": "\u0422\u043e\u0440\u0442\u0438\u043a \u0421\u043d\u0438\u043a\u0435\u0440\u0441", "image": "food/18.jpg", "portion": 120, "description": "\u0422\u0430\u044e\u0449\u0438\u0439 \u0432\u043e \u0440\u0442\u0443 \u0442\u043e\u0440\u0442\u0438\u043a \u0441 \u0448\u043e\u043a\u043e\u043b\u0430\u0434\u043d\u044b\u043c\u0438 \u043a\u043e\u0440\u0436\u0430\u043c\u0438 \u0438 \u043d\u0435\u0436\u043d\u044b\u043c \u0430\u0440\u0430\u0445\u0438\u0441\u043e\u0432\u044b\u043c \u043a\u0440\u0435\u043c\u043e\u043c, \u043f\u043e\u0434 \u0448\u043e\u043a\u043e\u043b\u0430\u0434\u043d\u043e\u0439 \u0433\u043b\u0430\u0437\u0443\u0440\u044c\u044e.", "price": "50.00", "category": 4}}, {"model": "bar.food", "pk": 21, "fields": {"name": "\u041c\u043e\u0440\u043a\u043e\u0432\u043d\u044b\u0435 \u041c\u0430\u0444\u0444\u0438\u043d\u044b", "image": "food/19.jpg", "portion": 80, "description": "\u041d\u0435\u0436\u043d\u044b\u0435 \u043c\u043e\u0440\u043a\u043e\u0432\u043d\u044b\u0435 \u043c\u0430\u0444\u0444\u0438\u043d\u044b \u0441 \u0438\u0437\u044e\u043c\u043e\u043c.", "price": "40.00", "category": 4}}, {"model": "bar.food", "pk": 22, "fields": {"name": "\u0428\u043e\u043a\u043e\u043b\u0430\u0434\u043d\u044b\u0435 \u0411\u0430\u0442\u043e\u043d\u0447\u0438\u043a\u0438 Food Spa", "image": "food/20.jpg", "portion": 55, "description": "\u0421\u044b\u0440\u043e\u0435\u0434\u0447\u0435\u0441\u043a\u0438\u0435 \u0431\u0430\u0442\u043e\u043d\u0447\u0438\u043a\u0438 \u0441\u043d\u0438\u043a\u0435\u0440\u0441, \u043f\u0438\u043a\u043d\u0438\u043a, \u0442\u0432\u0438\u043a\u0441 \u0438 \u0431\u0430\u0443\u043d\u0442\u0438 \u2014 \u043f\u043e-\u043d\u0430\u0441\u0442\u043e\u044f\u0449\u0435\u043c\u0443 \u043f\u043e\u043b\u0435\u0437\u043d\u044b\u0435 \u0438 \u0432\u043a\u0443\u0441\u043d\u044b\u0435 \u0434\u0435\u0441\u0435\u0440\u0442\u044b. \u0412 \u043d\u0438\u0445 \u043d\u0435\u0442 \u043d\u0438\u0447\u0435\u0433\u043e \u043b\u0438\u0448\u043d\u0435\u0433\u043e, \u0442\u043e\u043b\u044c\u043a\u043e \u0441\u0430\u043c\u044b\u0435 \u043f\u043e\u043b\u0435\u0437\u043d\u044b\u0435 \u0438 \u043d\u0430\u0442\u0443\u0440\u0430\u043b\u044c\u043d\u044b\u0435 \u0438\u043d\u0433\u0440\u0435\u0434\u0438\u0435\u043d\u0442\u044b.", "price": "30.00", "category": 4}}, {"model": "bar.food", "pk": 23, "fields": {"name": "\u0421\u043c\u0443\u0437\u0438", "image": "food/21.jpg", "portion": 400, "description": "\u0420\u0430\u0437\u043d\u044b\u0435 \u0432\u043a\u0443\u0441\u044b \u0432 \u0430\u0441\u0441\u043e\u0440\u0442\u0438\u043c\u0435\u043d\u0442\u0435.\r\n\r\n\u2014 \u0447\u0435\u0440\u043d\u0438\u0447\u043d\u043e-\u043c\u0430\u043b\u0438\u043d\u043e\u0432\u044b\u0439\r\n\r\n\u2014 \u0437\u0435\u043b\u0435\u043d\u044b\u0439 \u0448\u043f\u0438\u043d\u0430\u0442\u043d\u044b\u0439\r\n\r\n\u2014 \u0441\u0435\u043b\u044c\u0434\u0435\u0440\u0435\u0439-\u0430\u043d\u0430\u043d\u0430\u0441\r\n\r\n\u2014 \u0441\u0432\u0435\u043a\u043b\u0430-\u0430\u043f\u0435\u043b\u044c\u0441\u0438\u043d\r\n\r\n\u2014 \u0430\u043f\u0435\u043b\u044c\u0441\u0438\u043d-\u0438\u043c\u0431\u0438\u0440\u044c\r\n\r\n\u2014 \u0430\u0440\u0430\u0445\u0438\u0441\u043e\u0432\u044b\u0439 \u043c\u0438\u043b\u043a\u0448\u0435\u0439\u043a\r\n\r\n\u2014 \u043a\u043b\u0443\u0431\u043d\u0438\u0447\u043d\u044b\u0439 \u043c\u0438\u043b\u043a\u0448\u0435\u0439\u043a.", "price": "40.00", "category": 5}}, {"model": "bar.food", "pk": 24, "fields": {"name": "\u0421\u0432\u0435\u0436\u0435\u0432\u044b\u0436\u0430\u0442\u044b\u0435 \u0441\u043e\u043a\u0438", "image": "food/22.jpg", "portion": 250, "description": "\u043c\u043e\u0440\u043a\u043e\u0432\u044c \u2014 20\r\n    \u0441\u0432\u0435\u043a\u043b\u0430 \u2014 20\r\n    \u044f\u0431\u043b\u043e\u043a\u043e \u2014 25\r\n    \u0441\u0435\u043b\u044c\u0434\u0435\u0440\u0435\u0439 \u2014 25\r\n    \u0430\u043f\u0435\u043b\u044c\u0441\u0438\u043d \u2014 25\r\n    \u0430\u043d\u0430\u043d\u0430\u0441 \u2014 30.", "price": "30.00", "category": 5}}, {"model": "bar.food", "pk": 25, "fields": {"name": "\u041a\u043e\u043a\u043e\u0441\u043e\u0432\u0430\u044f \u0432\u043e\u0434\u0430 \"King Island\"", "image": "food/23.jpg", "portion": 250, "description": "100% \u043a\u043e\u043a\u043e\u0441\u043e\u0432\u0430\u044f \u0432\u043e\u0434\u0430 \u0438\u0437 \u0422\u0430\u0438\u043b\u0430\u043d\u0434\u0430.", "price": "40.00", "category": 5}}, {"model": "bar.food", "pk": 26, "fields": {"name": "\u041a\u043e\u043c\u0431\u0443\u0447\u0430", "image": "food/24.jpg", "portion": 330, "description": "\u041f\u043e\u043b\u0435\u0437\u043d\u044b\u0439 \u0444\u0435\u0440\u043c\u0435\u043d\u0442\u0438\u0440\u043e\u0432\u0430\u043d\u043d\u044b\u0439 \u043d\u0430\u043f\u0438\u0442\u043e\u043a, \u043f\u0440\u0438\u0433\u043e\u0442\u043e\u0432\u043b\u0435\u043d\u043d\u044b\u0439 \u043d\u0430 \u0437\u0435\u043b\u0435\u043d\u043e\u043c \u0447\u0430\u0435.", "price": "47.00", "category": 5}}, {"model": "bar.food", "pk": 27, "fields": {"name": "\u0411\u0435\u0437\u0430\u043b\u043a\u043e\u0433\u043e\u043b\u044c\u043d\u043e\u0435 \u0432\u0438\u043d\u043e", "image": "food/25.jpg", "portion": 150, "description": "\u0411\u043e\u043a\u0430\u043b \u0431\u0435\u0437\u0430\u043b\u043a\u043e\u0433\u043e\u043b\u044c\u043d\u043e\u0433\u043e \u043d\u0435\u043c\u0435\u0446\u043a\u043e\u0433\u043e \u0432\u0438\u043d\u0430 Peter Mertes. \u041a\u0440\u0430\u0441\u043d\u043e\u0435 \u0438 \u0431\u0435\u043b\u043e\u0435. \u041f\u0440\u043e\u0438\u0437\u0432\u043e\u0434\u0438\u0442\u0441\u044f \u043f\u043e \u043e\u0441\u043e\u0431\u043e\u043c\u0443 \u043c\u0435\u0442\u043e\u0434\u0443 \u0438\u0437\u0433\u043e\u0442\u043e\u0432\u043b\u0435\u043d\u0438\u044f \u0431\u0435\u0437\u0430\u043b\u043a\u043e\u0433\u043e\u043b\u044c\u043d\u044b\u0445 \u0432\u0438\u043d.", "price": "60.00", "category": 5}}, {"model": "bar.food", "pk": 28, "fields": {"name": "\u0427\u0430\u0439 \u0432 \u0447\u0430\u0448\u043a\u0435", "image": "food/31.jpg", "portion": 200, "description": "\u0427\u0430\u0439 \u0432 \u0430\u0441\u0441\u043e\u0440\u0442\u0438\u043c\u0435\u043d\u0442\u0435\r\n\r\n\u2014 \u041a\u043b\u0430\u0441\u0441\u0438\u0447\u0435\u0441\u043a\u0438\u0439 \u0447\u0435\u0440\u043d\u044b\u0439\r\n\r\n\u2014 \u041a\u043b\u0430\u0441\u0441\u0438\u0447\u0435\u0441\u043a\u0438\u0439 \u0437\u0435\u043b\u0435\u043d\u044b\u0439.", "price": "30.00", "category": 6}}, {"model": "bar.food", "pk": 29, "fields": {"name": "\u0427\u0430\u0439 \u0432 \u0447\u0430\u0439\u043d\u0438\u043a\u0435", "image": "food/32.jpg", "portion": 1500, "description": "\u0427\u0430\u0439 \u0432 \u0430\u0441\u0441\u043e\u0440\u0442\u0438\u043c\u0435\u043d\u0442\u0435\r\n\r\n\u2014 \u0417\u0435\u043b\u0435\u043d\u044b\u0439 \u0421\u0435\u043d\u0447\u0430\r\n\r\n\u2014 \u0414\u0430 \u0425\u0443\u043d \u041f\u0430\u043e\r\n\r\n\u2014 \u0416\u0435\u043d\u044c \u0428\u0435\u043d\u044c \u0423\u043b\u0443\u043d\r\n\r\n\u2014 \u041f\u0443\u044d\u0440\r\n\r\n\u2014 \u0422\u0440\u0430\u0432\u044f\u043d\u043e\u0439 \u0447\u0430\u0439 \u0421\u0438\u043b\u0430 \u041a\u0430\u0431\u0430\u043d\u0430\r\n\r\n\u2014 \u0422\u0440\u0430\u0432\u044f\u043d\u043e\u0439 \u0447\u0430\u0439 \u0422\u0435\u043f\u043b\u043e \u041a\u0440\u044b\u043c\u0430\r\n\r\n\u2014 \u0422\u0440\u0430\u0432\u044f\u043d\u043e\u0439 \u0447\u0430\u0439 \u0411\u0435\u043b\u044b\u0439 \u041f\u0435\u0441\r\n\r\n\u2014 \u0422\u0440\u0430\u0432\u044f\u043d\u043e\u0439 \u0447\u0430\u0439 \u0422\u0440\u0438 \u0421\u043e\u043b\u043d\u0446\u0430.", "price": "50.00", "category": 6}}, {"model": "bar.food", "pk": 30, "fields": {"name": "\u041a\u043e\u0444\u0435\u0439\u043d\u044b\u0435 \u043d\u0430\u043f\u0438\u0442\u043a\u0438", "image": "food/33.jpg", "portion": 200, "description": "\u0417\u0435\u0440\u043d\u043e\u0432\u043e\u0439 \u043a\u043e\u0444\u0435:\r\n\r\n\u042d\u0441\u043f\u0440\u0435\u0441\u0441\u043e \u2014 100 \u0440\u0443\u0431.\r\n\r\n\u0410\u043c\u0435\u0440\u0438\u043a\u0430\u043d\u043e \u2014 100 \u0440\u0443\u0431.\r\n\r\n\u041a\u0430\u043f\u0443\u0447\u0438\u043d\u043e \u043d\u0430 \u0441\u043e\u0435\u0432\u043e\u043c \u043c\u043e\u043b\u043e\u043a\u0435 \u2014 150 \u0440\u0443\u0431.\r\n\r\n\u0426\u0438\u043a\u043e\u0440\u0438\u0439 \u2014 100 \u0440\u0443\u0431.", "price": "30.00", "category": 6}}, {"model": "bar.food", "pk": 31, "fields": {"name": "\u0413\u043e\u0440\u044f\u0447\u0438\u0439 \u0448\u043e\u043a\u043e\u043b\u0430\u0434", "image": "food/34.jpg", "portion": 200, "description": "\u0413\u043e\u0440\u044f\u0447\u0438\u0439 \u0448\u043e\u043a\u043e\u043b\u0430\u0434\u043d\u044b\u0439 \u043d\u0430\u043f\u0438\u0442\u043e\u043a \u0438\u0437 \u0433\u043e\u0440\u044c\u043a\u043e\u0433\u043e \u0448\u043e\u043a\u043e\u043b\u0430\u0434\u0430 \u043d\u0430 \u0441\u043e\u0435\u0432\u043e\u043c \u043c\u043e\u043b\u043e\u043a\u0435. \u041e\u0447\u0435\u043d\u044c \u0432\u043a\u0443\u0441\u043d\u044b\u0439, \u043e\u0447\u0435\u043d\u044c \u0448\u043e\u043a\u043e\u043b\u0430\u0434\u043d\u044b\u0439!", "price": "40.00", "category": 6}}, {"model": "bar.food", "pk": 32, "fields": {"name": "\u0411\u0438\u0437\u043d\u0435\u0441-\u043b\u0430\u043d\u0447", "image": "food/41.jpg", "portion": 500, "description": "\u0421\u0443\u043f \u0434\u043d\u044f + \u0444\u0430\u043b\u0430\u0444\u0435\u043b\u044c + \u0447\u0430\u0439 = 45\r\n\u0421\u0443\u043f \u0434\u043d\u044f + \u0432\u0442\u043e\u0440\u043e\u0435 \u0434\u043d\u044f + \u0447\u0430\u0439 = 50\r\n\r\n\u0411\u043e\u0440\u0449+\u0424\u0430\u0441\u043e\u043b\u0435\u0432\u044b\u0435 \u043a\u043e\u0442\u043b\u0435\u0442\u043a\u0438 \u0441 \u043f\u044e\u0440\u0435/\r\n\u0413\u0440\u0438\u0431\u043d\u043e\u0439 \u043a\u0440\u0435\u043c-\u0441\u0443\u043f+\u041f\u0430\u0441\u0442\u0430 \u0431\u043e\u043b\u043e\u043d\u044c\u0435\u0437\u0435/\r\n\u0428\u043f\u0438\u043d\u0430\u0442\u043d\u044b\u0439 \u0421\u0443\u043f+\u0410\u043b\u0443 \u0411\u0430\u0439\u043d\u0433\u0430\u043d/ \r\n\u0421\u0443\u043f \u0441 \u043a\u0430\u0431\u0430\u0447\u043a\u0430\u043c\u0438+\u0412\u0435\u0433-\u0441\u0442\u0440\u043e\u0433\u0430\u043d\u043e\u0432\r\n/\u0413\u043e\u0440\u043e\u0445\u043e\u0432\u044b\u0439 \u0421\u0443\u043f+\u041f\u043b\u043e\u0432.", "price": "50.00", "category": 7}}, {"model": "admin.logentry", "pk": 1, "fields": {"action_time": "2017-07-06T18:40:37.731Z", "user": 1, "content_type": 8, "object_id": "1", "object_repr": "table 1", "action_flag": 1, "change_message": "[{\"added\": {}}]"}}, {"model": "admin.logentry", "pk": 2, "fields": {"action_time": "2017-07-06T18:40:46.105Z", "user": 1, "content_type": 8, "object_id": "2", "object_repr": "table 2", "action_flag": 1, "change_message": "[{\"added\": {}}]"}}, {"model": "admin.logentry", "pk": 3, "fields": {"action_time": "2017-07-06T18:40:49.870Z", "user": 1, "content_type": 8, "object_id": "3", "object_repr": "table 3", "action_flag": 1, "change_message": "[{\"added\": {}}]"}}, {"model": "admin.logentry", "pk": 4, "fields": {"action_time": "2017-07-06T18:40:55.915Z", "user": 1, "content_type": 8, "object_id": "4", "object_repr": "table 4", "action_flag": 1, "change_message": "[{\"added\": {}}]"}}, {"model": "admin.logentry", "pk": 5, "fields": {"action_time": "2017-07-06T18:41:28.201Z", "user": 1, "content_type": 8, "object_id": "5", "object_repr": "table 5", "action_flag": 1, "change_message": "[{\"added\": {}}]"}}, {"model": "admin.logentry", "pk": 6, "fields": {"action_time": "2017-07-06T18:41:31.236Z", "user": 1, "content_type": 8, "object_id": "6", "object_repr": "table 6", "action_flag": 1, "change_message": "[{\"added\": {}}]"}}, {"model": "admin.logentry", "pk": 7, "fields": {"action_time": "2017-07-06T18:41:48.329Z", "user": 1, "content_type": 8, "object_id": "7", "object_repr": "table 7", "action_flag": 1, "change_message": "[{\"added\": {}}]"}}, {"model": "admin.logentry", "pk": 8, "fields": {"action_time": "2017-07-06T18:41:55.766Z", "user": 1, "content_type": 8, "object_id": "8", "object_repr": "table 8", "action_flag": 1, "change_message": "[{\"added\": {}}]"}}, {"model": "admin.logentry", "pk": 9, "fields": {"action_time": "2017-07-06T18:42:09.962Z", "user": 1, "content_type": 8, "object_id": "9", "object_repr": "table 9", "action_flag": 1, "change_message": "[{\"added\": {}}]"}}, {"model": "admin.logentry", "pk": 10, "fields": {"action_time": "2017-07-06T18:42:14.883Z", "user": 1, "content_type": 8, "object_id": "10", "object_repr": "table 10", "action_flag": 1, "change_message": "[{\"added\": {}}]"}}, {"model": "admin.logentry", "pk": 11, "fields": {"action_time": "2017-07-06T18:42:19.593Z", "user": 1, "content_type": 8, "object_id": "11", "object_repr": "table 11", "action_flag": 1, "change_message": "[{\"added\": {}}]"}}, {"model": "admin.logentry", "pk": 12, "fields": {"action_time": "2017-07-06T18:42:24.547Z", "user": 1, "content_type": 8, "object_id": "12", "object_repr": "table 12", "action_flag": 1, "change_message": "[{\"added\": {}}]"}}, {"model": "admin.logentry", "pk": 13, "fields": {"action_time": "2017-07-06T18:42:33.098Z", "user": 1, "content_type": 8, "object_id": "13", "object_repr": "table 13", "action_flag": 1, "change_message": "[{\"added\": {}}]"}}, {"model": "admin.logentry", "pk": 14, "fields": {"action_time": "2017-07-06T18:42:36.371Z", "user": 1, "content_type": 8, "object_id": "14", "object_repr": "table 14", "action_flag": 1, "change_message": "[{\"added\": {}}]"}}, {"model": "admin.logentry", "pk": 15, "fields": {"action_time": "2017-07-06T18:42:39.897Z", "user": 1, "content_type": 8, "object_id": "15", "object_repr": "table 15", "action_flag": 1, "change_message": "[{\"added\": {}}]"}}, {"model": "admin.logentry", "pk": 16, "fields": {"action_time": "2017-07-06T18:42:42.814Z", "user": 1, "content_type": 8, "object_id": "16", "object_repr": "table 16", "action_flag": 1, "change_message": "[{\"added\": {}}]"}}, {"model": "admin.logentry", "pk": 17, "fields": {"action_time": "2017-07-06T18:42:45.331Z", "user": 1, "content_type": 8, "object_id": "17", "object_repr": "table 17", "action_flag": 1, "change_message": "[{\"added\": {}}]"}}, {"model": "admin.logentry", "pk": 18, "fields": {"action_time": "2017-07-06T18:42:48.427Z", "user": 1, "content_type": 8, "object_id": "18", "object_repr": "table 18", "action_flag": 1, "change_message": "[{\"added\": {}}]"}}, {"model": "admin.logentry", "pk": 19, "fields": {"action_time": "2017-07-06T18:42:51.400Z", "user": 1, "content_type": 8, "object_id": "19", "object_repr": "table 19", "action_flag": 1, "change_message": "[{\"added\": {}}]"}}, {"model": "admin.logentry", "pk": 20, "fields": {"action_time": "2017-07-06T18:42:54.375Z", "user": 1, "content_type": 8, "object_id": "20", "object_repr": "table 20", "action_flag": 1, "change_message": "[{\"added\": {}}]"}}, {"model": "admin.logentry", "pk": 21, "fields": {"action_time": "2017-07-06T18:42:57.047Z", "user": 1, "content_type": 8, "object_id": "21", "object_repr": "table 21", "action_flag": 1, "change_message": "[{\"added\": {}}]"}}, {"model": "admin.logentry", "pk": 22, "fields": {"action_time": "2017-07-06T18:43:17.258Z", "user": 1, "content_type": 8, "object_id": "22", "object_repr": "table 22", "action_flag": 1, "change_message": "[{\"added\": {}}]"}}, {"model": "admin.logentry", "pk": 23, "fields": {"action_time": "2017-07-06T18:43:20.898Z", "user": 1, "content_type": 8, "object_id": "23", "object_repr": "table 23", "action_flag": 1, "change_message": "[{\"added\": {}}]"}}, {"model": "admin.logentry", "pk": 24, "fields": {"action_time": "2017-07-06T18:43:23.651Z", "user": 1, "content_type": 8, "object_id": "24", "object_repr": "table 24", "action_flag": 1, "change_message": "[{\"added\": {}}]"}}, {"model": "admin.logentry", "pk": 25, "fields": {"action_time": "2017-07-06T18:43:26.233Z", "user": 1, "content_type": 8, "object_id": "25", "object_repr": "table 25", "action_flag": 1, "change_message": "[{\"added\": {}}]"}}, {"model": "admin.logentry", "pk": 26, "fields": {"action_time": "2017-07-06T18:43:36.548Z", "user": 1, "content_type": 8, "object_id": "26", "object_repr": "table 26", "action_flag": 1, "change_message": "[{\"added\": {}}]"}}, {"model": "admin.logentry", "pk": 27, "fields": {"action_time": "2017-07-06T18:43:46.017Z", "user": 1, "content_type": 8, "object_id": "27", "object_repr": "table 27", "action_flag": 1, "change_message": "[{\"added\": {}}]"}}, {"model": "admin.logentry", "pk": 28, "fields": {"action_time": "2017-07-06T18:43:59.076Z", "user": 1, "content_type": 8, "object_id": "28", "object_repr": "table 28", "action_flag": 1, "change_message": "[{\"added\": {}}]"}}, {"model": "admin.logentry", "pk": 29, "fields": {"action_time": "2017-07-06T18:44:05.235Z", "user": 1, "content_type": 8, "object_id": "29", "object_repr": "table 29", "action_flag": 1, "change_message": "[{\"added\": {}}]"}}, {"model": "admin.logentry", "pk": 30, "fields": {"action_time": "2017-07-06T18:44:08.605Z", "user": 1, "content_type": 8, "object_id": "30", "object_repr": "table 30", "action_flag": 1, "change_message": "[{\"added\": {}}]"}}, {"model": "admin.logentry", "pk": 31, "fields": {"action_time": "2017-07-06T18:44:11.999Z", "user": 1, "content_type": 8, "object_id": "31", "object_repr": "table 31", "action_flag": 1, "change_message": "[{\"added\": {}}]"}}, {"model": "admin.logentry", "pk": 32, "fields": {"action_time": "2017-07-06T18:44:17.909Z", "user": 1, "content_type": 8, "object_id": "32", "object_repr": "table 32", "action_flag": 1, "change_message": "[{\"added\": {}}]"}}, {"model": "admin.logentry", "pk": 33, "fields": {"action_time": "2017-07-06T18:44:20.903Z", "user": 1, "content_type": 8, "object_id": "33", "object_repr": "table 33", "action_flag": 1, "change_message": "[{\"added\": {}}]"}}, {"model": "admin.logentry", "pk": 34, "fields": {"action_time": "2017-07-06T18:44:23.897Z", "user": 1, "content_type": 8, "object_id": "34", "object_repr": "table 34", "action_flag": 1, "change_message": "[{\"added\": {}}]"}}, {"model": "admin.logentry", "pk": 35, "fields": {"action_time": "2017-07-06T18:44:30.305Z", "user": 1, "content_type": 8, "object_id": "35", "object_repr": "table 35", "action_flag": 1, "change_message": "[{\"added\": {}}]"}}, {"model": "admin.logentry", "pk": 36, "fields": {"action_time": "2017-07-06T18:44:33.044Z", "user": 1, "content_type": 8, "object_id": "36", "object_repr": "table 36", "action_flag": 1, "change_message": "[{\"added\": {}}]"}}, {"model": "admin.logentry", "pk": 37, "fields": {"action_time": "2017-07-06T18:44:36.030Z", "user": 1, "content_type": 8, "object_id": "37", "object_repr": "table 37", "action_flag": 1, "change_message": "[{\"added\": {}}]"}}, {"model": "admin.logentry", "pk": 38, "fields": {"action_time": "2017-07-06T18:44:52.198Z", "user": 1, "content_type": 8, "object_id": "38", "object_repr": "table 38", "action_flag": 1, "change_message": "[{\"added\": {}}]"}}, {"model": "admin.logentry", "pk": 39, "fields": {"action_time": "2017-07-06T18:44:59.315Z", "user": 1, "content_type": 8, "object_id": "39", "object_repr": "table 39", "action_flag": 1, "change_message": "[{\"added\": {}}]"}}, {"model": "admin.logentry", "pk": 40, "fields": {"action_time": "2017-07-06T18:45:16.667Z", "user": 1, "content_type": 8, "object_id": "40", "object_repr": "table 40", "action_flag": 1, "change_message": "[{\"added\": {}}]"}}, {"model": "admin.logentry", "pk": 41, "fields": {"action_time": "2017-07-06T18:45:23.241Z", "user": 1, "content_type": 8, "object_id": "41", "object_repr": "table 41", "action_flag": 1, "change_message": "[{\"added\": {}}]"}}, {"model": "admin.logentry", "pk": 42, "fields": {"action_time": "2017-07-06T18:45:27.477Z", "user": 1, "content_type": 8, "object_id": "42", "object_repr": "table 42", "action_flag": 1, "change_message": "[{\"added\": {}}]"}}, {"model": "admin.logentry", "pk": 43, "fields": {"action_time": "2017-07-06T18:45:49.164Z", "user": 1, "content_type": 8, "object_id": "43", "object_repr": "table 43", "action_flag": 1, "change_message": "[{\"added\": {}}]"}}, {"model": "admin.logentry", "pk": 44, "fields": {"action_time": "2017-07-06T18:45:54.403Z", "user": 1, "content_type": 8, "object_id": "44", "object_repr": "table 44", "action_flag": 1, "change_message": "[{\"added\": {}}]"}}, {"model": "admin.logentry", "pk": 45, "fields": {"action_time": "2017-07-06T18:46:02.894Z", "user": 1, "content_type": 8, "object_id": "45", "object_repr": "table 45", "action_flag": 1, "change_message": "[{\"added\": {}}]"}}, {"model": "admin.logentry", "pk": 46, "fields": {"action_time": "2017-07-06T18:46:09.318Z", "user": 1, "content_type": 8, "object_id": "46", "object_repr": "table 46", "action_flag": 1, "change_message": "[{\"added\": {}}]"}}, {"model": "admin.logentry", "pk": 47, "fields": {"action_time": "2017-07-06T18:46:13.596Z", "user": 1, "content_type": 8, "object_id": "47", "object_repr": "table 47", "action_flag": 1, "change_message": "[{\"added\": {}}]"}}, {"model": "admin.logentry", "pk": 48, "fields": {"action_time": "2017-07-06T18:46:21.304Z", "user": 1, "content_type": 8, "object_id": "48", "object_repr": "table 48", "action_flag": 1, "change_message": "[{\"added\": {}}]"}}, {"model": "admin.logentry", "pk": 49, "fields": {"action_time": "2017-07-06T18:46:26.131Z", "user": 1, "content_type": 8, "object_id": "49", "object_repr": "table 49", "action_flag": 1, "change_message": "[{\"added\": {}}]"}}, {"model": "admin.logentry", "pk": 50, "fields": {"action_time": "2017-07-06T18:46:30.060Z", "user": 1, "content_type": 8, "object_id": "50", "object_repr": "table 50", "action_flag": 1, "change_message": "[{\"added\": {}}]"}}, {"model": "admin.logentry", "pk": 51, "fields": {"action_time": "2017-07-07T04:12:49.721Z", "user": 1, "content_type": 11, "object_id": "1", "object_repr": "category 1", "action_flag": 1, "change_message": "[{\"added\": {}}]"}}, {"model": "admin.logentry", "pk": 52, "fields": {"action_time": "2017-07-07T04:13:18.718Z", "user": 1, "content_type": 11, "object_id": "2", "object_repr": "category 2", "action_flag": 1, "change_message": "[{\"added\": {}}]"}}, {"model": "admin.logentry", "pk": 53, "fields": {"action_time": "2017-07-07T04:13:47.113Z", "user": 1, "content_type": 11, "object_id": "3", "object_repr": "category 3", "action_flag": 1, "change_message": "[{\"added\": {}}]"}}, {"model": "admin.logentry", "pk": 54, "fields": {"action_time": "2017-07-07T04:14:17.740Z", "user": 1, "content_type": 11, "object_id": "4", "object_repr": "category 4", "action_flag": 1, "change_message": "[{\"added\": {}}]"}}, {"model": "admin.logentry", "pk": 55, "fields": {"action_time": "2017-07-07T04:14:48.695Z", "user": 1, "content_type": 11, "object_id": "5", "object_repr": "category 5", "action_flag": 1, "change_message": "[{\"added\": {}}]"}}, {"model": "admin.logentry", "pk": 56, "fields": {"action_time": "2017-07-07T04:15:12.558Z", "user": 1, "content_type": 11, "object_id": "6", "object_repr": "category 6", "action_flag": 1, "change_message": "[{\"added\": {}}]"}}, {"model": "admin.logentry", "pk": 57, "fields": {"action_time": "2017-07-07T04:15:35.672Z", "user": 1, "content_type": 11, "object_id": "7", "object_repr": "category 7", "action_flag": 1, "change_message": "[{\"added\": {}}]"}}, {"model": "admin.logentry", "pk": 58, "fields": {"action_time": "2017-07-07T04:18:24.749Z", "user": 1, "content_type": 10, "object_id": "1", "object_repr": "\u041a\u0430\u0440\u043c\u0435\u043d", "action_flag": 1, "change_message": "[{\"added\": {}}]"}}, {"model": "admin.logentry", "pk": 59, "fields": {"action_time": "2017-07-07T04:23:11.415Z", "user": 1, "content_type": 10, "object_id": "2", "object_repr": "\u041d\u0435\u0436\u043d\u044b\u0439 \u0411\u0440\u043e\u043a\u043a\u043e\u043b\u0438", "action_flag": 1, "change_message": "[{\"added\": {}}]"}}, {"model": "admin.logentry", "pk": 60, "fields": {"action_time": "2017-07-07T05:57:35.966Z", "user": 1, "content_type": 10, "object_id": "3", "object_repr": "\u0424\u0430\u043b\u0430\u0444\u0435\u043b\u044c \u0441 \u0441\u044b\u0440\u043e\u043c", "action_flag": 1, "change_message": "[{\"added\": {}}]"}}, {"model": "admin.logentry", "pk": 61, "fields": {"action_time": "2017-07-07T05:58:36.149Z", "user": 1, "content_type": 10, "object_id": "4", "object_repr": "\u0413\u0430\u0432\u0430\u0439\u0441\u043a\u0430\u044f \u041f\u0438\u0446\u0446\u0430", "action_flag": 1, "change_message": "[{\"added\": {}}]"}}, {"model": "admin.logentry", "pk": 62, "fields": {"action_time": "2017-07-07T05:59:40.798Z", "user": 1, "content_type": 10, "object_id": "5", "object_repr": "\u0413\u0440\u0438\u0431\u043d\u0430\u044f \u041f\u0438\u0446\u0446\u0430", "action_flag": 1, "change_message": "[{\"added\": {}}]"}}, {"model": "admin.logentry", "pk": 63, "fields": {"action_time": "2017-07-07T06:01:00.687Z", "user": 1, "content_type": 10, "object_id": "6", "object_repr": "\u041f\u0438\u0446\u0446\u0430 \u041c\u0430\u0440\u0433\u0430\u0440\u0438\u0442\u0430 \u0441 \u043c\u0430\u0441\u043b\u0438\u043d\u0430\u043c\u0438", "action_flag": 1, "change_message": "[{\"added\": {}}]"}}, {"model": "admin.logentry", "pk": 64, "fields": {"action_time": "2017-07-07T06:02:17.810Z", "user": 1, "content_type": 10, "object_id": "7", "object_repr": "\u041f\u0438\u043b\u0430\u0444", "action_flag": 1, "change_message": "[{\"added\": {}}]"}}, {"model": "admin.logentry", "pk": 65, "fields": {"action_time": "2017-07-07T06:03:14.356Z", "user": 1, "content_type": 10, "object_id": "8", "object_repr": "\u0414\u043e\u0431\u0440\u044b\u0439 \u0428\u043d\u0438\u0446\u0435\u043b\u044c", "action_flag": 1, "change_message": "[{\"added\": {}}]"}}, {"model": "admin.logentry", "pk": 66, "fields": {"action_time": "2017-07-07T06:04:10.332Z", "user": 1, "content_type": 10, "object_id": "9", "object_repr": "\u0421\u0435\u043c\u0435\u043d \u0421\u0435\u043c\u0435\u043d\u044b\u0447", "action_flag": 1, "change_message": "[{\"added\": {}}]"}}, {"model": "admin.logentry", "pk": 67, "fields": {"action_time": "2017-07-07T06:04:53.023Z", "user": 1, "content_type": 10, "object_id": "10", "object_repr": "\u0424\u0430\u043b\u0430\u0444\u0435\u043b\u044c \u0432 \u041b\u0430\u0432\u0430\u0448\u0435", "action_flag": 1, "change_message": "[{\"added\": {}}]"}}, {"model": "admin.logentry", "pk": 68, "fields": {"action_time": "2017-07-07T06:05:55.593Z", "user": 1, "content_type": 10, "object_id": "11", "object_repr": "\u0412\u0435\u0433\u0430\u043d\u0441\u043a\u0430\u044f \u0428\u0430\u0443\u0440\u043c\u0430", "action_flag": 1, "change_message": "[{\"added\": {}}]"}}, {"model": "admin.logentry", "pk": 69, "fields": {"action_time": "2017-07-07T06:06:52.195Z", "user": 1, "content_type": 10, "object_id": "12", "object_repr": "\u0421\u0443\u043f\u0447\u0438\u043a \u0441 \u041f\u0435\u043b\u044c\u043c\u0435\u0448\u043a\u0430\u043c\u0438", "action_flag": 1, "change_message": "[{\"added\": {}}]"}}, {"model": "admin.logentry", "pk": 70, "fields": {"action_time": "2017-07-07T06:07:38.240Z", "user": 1, "content_type": 10, "object_id": "13", "object_repr": "\u0427\u0435\u0447\u0435\u0432\u0438\u0447\u043d\u044b\u0439 \u0421\u0443\u043f\u0447\u0438\u043a", "action_flag": 1, "change_message": "[{\"added\": {}}]"}}, {"model": "admin.logentry", "pk": 71, "fields": {"action_time": "2017-07-07T06:08:37.076Z", "user": 1, "content_type": 10, "object_id": "14", "object_repr": "\u041e\u043b\u0438\u0432\u044c\u0435 \u043d\u0430 \u041a\u0430\u043d\u0438\u043a\u0443\u043b\u0430\u0445", "action_flag": 1, "change_message": "[{\"added\": {}}]"}}, {"model": "admin.logentry", "pk": 72, "fields": {"action_time": "2017-07-07T06:09:25.257Z", "user": 1, "content_type": 10, "object_id": "15", "object_repr": "\u041c\u0430\u0440\u043e\u043a\u043a\u0430\u043d\u0441\u043a\u0438\u0439 \u0417\u0430\u043a\u0430\u0442", "action_flag": 1, "change_message": "[{\"added\": {}}]"}}, {"model": "admin.logentry", "pk": 73, "fields": {"action_time": "2017-07-07T06:10:12.518Z", "user": 1, "content_type": 10, "object_id": "16", "object_repr": "\u0426\u0435\u0437\u0430\u0440\u044c", "action_flag": 1, "change_message": "[{\"added\": {}}]"}}, {"model": "admin.logentry", "pk": 74, "fields": {"action_time": "2017-07-07T06:11:00.814Z", "user": 1, "content_type": 10, "object_id": "17", "object_repr": "\u041b\u0438\u043c\u043e\u043d\u043d\u044b\u0439 \u0442\u043e\u0440\u0442\u0438\u043a \"Yummy\"", "action_flag": 1, "change_message": "[{\"added\": {}}]"}}, {"model": "admin.logentry", "pk": 75, "fields": {"action_time": "2017-07-07T06:11:47.226Z", "user": 1, "content_type": 10, "object_id": "18", "object_repr": "\u0422\u043e\u0440\u0442\u0438\u043a \"Yummy\" \u0441 \u0438\u043d\u0436\u0438\u0440\u043e\u043c \u0438 \u0433\u0440\u0443\u0448\u0435\u0439", "action_flag": 1, "change_message": "[{\"added\": {}}]"}}, {"model": "admin.logentry", "pk": 76, "fields": {"action_time": "2017-07-07T06:12:37.798Z", "user": 1, "content_type": 10, "object_id": "19", "object_repr": "\u0427\u0435\u0440\u043d\u0438\u0447\u043d\u043e-\u0431\u0430\u043d\u0430\u043d\u043e\u0432\u044b\u0439 \u043a\u0435\u043a\u0441", "action_flag": 1, "change_message": "[{\"added\": {}}]"}}, {"model": "admin.logentry", "pk": 77, "fields": {"action_time": "2017-07-07T06:13:22.344Z", "user": 1, "content_type": 10, "object_id": "20", "object_repr": "\u0422\u043e\u0440\u0442\u0438\u043a \u0421\u043d\u0438\u043a\u0435\u0440\u0441", "action_flag": 1, "change_message": "[{\"added\": {}}]"}}, {"model": "admin.logentry", "pk": 78, "fields": {"action_time": "2017-07-07T06:14:27.040Z", "user": 1, "content_type": 10, "object_id": "21", "object_repr": "\u041c\u043e\u0440\u043a\u043e\u0432\u043d\u044b\u0435 \u041c\u0430\u0444\u0444\u0438\u043d\u044b", "action_flag": 1, "change_message": "[{\"added\": {}}]"}}, {"model": "admin.logentry", "pk": 79, "fields": {"action_time": "2017-07-07T06:15:11.406Z", "user": 1, "content_type": 10, "object_id": "22", "object_repr": "\u0428\u043e\u043a\u043e\u043b\u0430\u0434\u043d\u044b\u0435 \u0411\u0430\u0442\u043e\u043d\u0447\u0438\u043a\u0438 Food Spa", "action_flag": 1, "change_message": "[{\"added\": {}}]"}}, {"model": "admin.logentry", "pk": 80, "fields": {"action_time": "2017-07-07T06:16:08.206Z", "user": 1, "content_type": 10, "object_id": "23", "object_repr": "\u0421\u043c\u0443\u0437\u0438", "action_flag": 1, "change_message": "[{\"added\": {}}]"}}, {"model": "admin.logentry", "pk": 81, "fields": {"action_time": "2017-07-07T06:17:26.538Z", "user": 1, "content_type": 10, "object_id": "24", "object_repr": "\u0421\u0432\u0435\u0436\u0435\u0432\u044b\u0436\u0430\u0442\u044b\u0435 \u0441\u043e\u043a\u0438", "action_flag": 1, "change_message": "[{\"added\": {}}]"}}, {"model": "admin.logentry", "pk": 82, "fields": {"action_time": "2017-07-07T06:18:25.099Z", "user": 1, "content_type": 10, "object_id": "25", "object_repr": "\u041a\u043e\u043a\u043e\u0441\u043e\u0432\u0430\u044f \u0432\u043e\u0434\u0430 \"King Island\"", "action_flag": 1, "change_message": "[{\"added\": {}}]"}}, {"model": "admin.logentry", "pk": 83, "fields": {"action_time": "2017-07-07T06:19:13.250Z", "user": 1, "content_type": 10, "object_id": "26", "object_repr": "\u041a\u043e\u043c\u0431\u0443\u0447\u0430", "action_flag": 1, "change_message": "[{\"added\": {}}]"}}, {"model": "admin.logentry", "pk": 84, "fields": {"action_time": "2017-07-07T06:20:00.636Z", "user": 1, "content_type": 10, "object_id": "27", "object_repr": "\u0411\u0435\u0437\u0430\u043b\u043a\u043e\u0433\u043e\u043b\u044c\u043d\u043e\u0435 \u0432\u0438\u043d\u043e", "action_flag": 1, "change_message": "[{\"added\": {}}]"}}, {"model": "admin.logentry", "pk": 85, "fields": {"action_time": "2017-07-07T06:20:54.267Z", "user": 1, "content_type": 10, "object_id": "28", "object_repr": "\u0427\u0430\u0439 \u0432 \u0447\u0430\u0448\u043a\u0435", "action_flag": 1, "change_message": "[{\"added\": {}}]"}}, {"model": "admin.logentry", "pk": 86, "fields": {"action_time": "2017-07-07T06:21:46.327Z", "user": 1, "content_type": 10, "object_id": "29", "object_repr": "\u0427\u0430\u0439 \u0432 \u0447\u0430\u0439\u043d\u0438\u043a\u0435", "action_flag": 1, "change_message": "[{\"added\": {}}]"}}, {"model": "admin.logentry", "pk": 87, "fields": {"action_time": "2017-07-07T06:22:34.977Z", "user": 1, "content_type": 10, "object_id": "30", "object_repr": "\u041a\u043e\u0444\u0435\u0439\u043d\u044b\u0435 \u043d\u0430\u043f\u0438\u0442\u043a\u0438", "action_flag": 1, "change_message": "[{\"added\": {}}]"}}, {"model": "admin.logentry", "pk": 88, "fields": {"action_time": "2017-07-07T06:23:28.123Z", "user": 1, "content_type": 10, "object_id": "31", "object_repr": "\u0413\u043e\u0440\u044f\u0447\u0438\u0439 \u0448\u043e\u043a\u043e\u043b\u0430\u0434", "action_flag": 1, "change_message": "[{\"added\": {}}]"}}, {"model": "admin.logentry", "pk": 89, "fields": {"action_time": "2017-07-07T06:25:04.304Z", "user": 1, "content_type": 10, "object_id": "32", "object_repr": "\u0411\u0438\u0437\u043d\u0435\u0441-\u043b\u0430\u043d\u0447", "action_flag": 1, "change_message": "[{\"added\": {}}]"}}, {"model": "admin.logentry", "pk": 90, "fields": {"action_time": "2017-07-07T10:17:08.152Z", "user": 1, "content_type": 10, "object_id": "32", "object_repr": "\u0411\u0438\u0437\u043d\u0435\u0441-\u043b\u0430\u043d\u0447", "action_flag": 2, "change_message": "[]"}}, {"model": "admin.logentry", "pk": 91, "fields": {"action_time": "2017-07-07T11:32:33.951Z", "user": 1, "content_type": 10, "object_id": "32", "object_repr": " \u0411\u0438\u0437\u043d\u0435\u0441-\u043b\u0430\u043d\u0447", "action_flag": 2, "change_message": "[{\"changed\": {\"fields\": [\"description\"]}}]"}}, {"model": "admin.logentry", "pk": 92, "fields": {"action_time": "2017-07-07T15:25:55.083Z", "user": 1, "content_type": 11, "object_id": "6", "object_repr": "category 6", "action_flag": 2, "change_message": "[{\"changed\": {\"fields\": [\"image\"]}}]"}}, {"model": "admin.logentry", "pk": 93, "fields": {"action_time": "2017-07-07T15:26:39.115Z", "user": 1, "content_type": 11, "object_id": "7", "object_repr": "category 7", "action_flag": 2, "change_message": "[{\"changed\": {\"fields\": [\"name\"]}}]"}}, {"model": "admin.logentry", "pk": 94, "fields": {"action_time": "2017-07-07T15:27:02.973Z", "user": 1, "content_type": 11, "object_id": "6", "object_repr": "category 6", "action_flag": 2, "change_message": "[{\"changed\": {\"fields\": [\"name\"]}}]"}}, {"model": "admin.logentry", "pk": 95, "fields": {"action_time": "2017-07-07T15:27:14.687Z", "user": 1, "content_type": 11, "object_id": "5", "object_repr": "category 5", "action_flag": 2, "change_message": "[{\"changed\": {\"fields\": [\"name\"]}}]"}}, {"model": "admin.logentry", "pk": 96, "fields": {"action_time": "2017-07-07T15:27:27.359Z", "user": 1, "content_type": 11, "object_id": "4", "object_repr": "category 4", "action_flag": 2, "change_message": "[{\"changed\": {\"fields\": [\"name\"]}}]"}}, {"model": "admin.logentry", "pk": 97, "fields": {"action_time": "2017-07-07T15:27:38.138Z", "user": 1, "content_type": 11, "object_id": "3", "object_repr": "category 3", "action_flag": 2, "change_message": "[{\"changed\": {\"fields\": [\"name\"]}}]"}}, {"model": "admin.logentry", "pk": 98, "fields": {"action_time": "2017-07-07T15:27:53.581Z", "user": 1, "content_type": 11, "object_id": "2", "object_repr": "category 2", "action_flag": 2, "change_message": "[{\"changed\": {\"fields\": [\"name\"]}}]"}}, {"model": "admin.logentry", "pk": 99, "fields": {"action_time": "2017-07-07T18:33:02.475Z", "user": 1, "content_type": 10, "object_id": "28", "object_repr": " \u0427\u0430\u0439 \u0432 \u0447\u0430\u0448\u043a\u0435", "action_flag": 2, "change_message": "[{\"changed\": {\"fields\": [\"description\"]}}]"}}, {"model": "admin.logentry", "pk": 100, "fields": {"action_time": "2017-07-07T18:33:13.608Z", "user": 1, "content_type": 10, "object_id": "32", "object_repr": " \u0411\u0438\u0437\u043d\u0435\u0441-\u043b\u0430\u043d\u0447", "action_flag": 2, "change_message": "[{\"changed\": {\"fields\": [\"description\"]}}]"}}, {"model": "admin.logentry", "pk": 101, "fields": {"action_time": "2017-07-07T18:33:29.385Z", "user": 1, "content_type": 10, "object_id": "23", "object_repr": " \u0421\u043c\u0443\u0437\u0438", "action_flag": 2, "change_message": "[{\"changed\": {\"fields\": [\"description\"]}}]"}}, {"model": "admin.logentry", "pk": 102, "fields": {"action_time": "2017-07-07T18:33:44.523Z", "user": 1, "content_type": 10, "object_id": "21", "object_repr": " \u041c\u043e\u0440\u043a\u043e\u0432\u043d\u044b\u0435 \u041c\u0430\u0444\u0444\u0438\u043d\u044b", "action_flag": 2, "change_message": "[{\"changed\": {\"fields\": [\"description\"]}}]"}}, {"model": "admin.logentry", "pk": 103, "fields": {"action_time": "2017-07-07T18:33:55.849Z", "user": 1, "content_type": 10, "object_id": "19", "object_repr": " \u0427\u0435\u0440\u043d\u0438\u0447\u043d\u043e-\u0431\u0430\u043d\u0430\u043d\u043e\u0432\u044b\u0439 \u043a\u0435\u043a\u0441", "action_flag": 2, "change_message": "[{\"changed\": {\"fields\": [\"description\"]}}]"}}, {"model": "admin.logentry", "pk": 104, "fields": {"action_time": "2017-07-07T18:34:18.681Z", "user": 1, "content_type": 10, "object_id": "16", "object_repr": " \u0426\u0435\u0437\u0430\u0440\u044c", "action_flag": 2, "change_message": "[{\"changed\": {\"fields\": [\"description\"]}}]"}}, {"model": "admin.logentry", "pk": 105, "fields": {"action_time": "2017-07-07T18:34:40.176Z", "user": 1, "content_type": 10, "object_id": "4", "object_repr": " \u0413\u0430\u0432\u0430\u0439\u0441\u043a\u0430\u044f \u041f\u0438\u0446\u0446\u0430", "action_flag": 2, "change_message": "[{\"changed\": {\"fields\": [\"description\"]}}]"}}, {"model": "admin.logentry", "pk": 106, "fields": {"action_time": "2017-07-07T18:34:57.151Z", "user": 1, "content_type": 10, "object_id": "13", "object_repr": " \u0427\u0435\u0447\u0435\u0432\u0438\u0447\u043d\u044b\u0439 \u0421\u0443\u043f\u0447\u0438\u043a", "action_flag": 2, "change_message": "[{\"changed\": {\"fields\": [\"description\"]}}]"}}, {"model": "admin.logentry", "pk": 107, "fields": {"action_time": "2017-07-07T18:35:14.467Z", "user": 1, "content_type": 10, "object_id": "5", "object_repr": " \u0413\u0440\u0438\u0431\u043d\u0430\u044f \u041f\u0438\u0446\u0446\u0430", "action_flag": 2, "change_message": "[{\"changed\": {\"fields\": [\"description\"]}}]"}}, {"model": "admin.logentry", "pk": 108, "fields": {"action_time": "2017-07-11T05:48:32.361Z", "user": 1, "content_type": 10, "object_id": "29", "object_repr": " \u0427\u0430\u0439 \u0432 \u0447\u0430\u0439\u043d\u0438\u043a\u0435", "action_flag": 2, "change_message": "[{\"changed\": {\"fields\": [\"description\"]}}]"}}, {"model": "admin.logentry", "pk": 109, "fields": {"action_time": "2017-07-11T05:49:31.117Z", "user": 1, "content_type": 10, "object_id": "24", "object_repr": " \u0421\u0432\u0435\u0436\u0435\u0432\u044b\u0436\u0430\u0442\u044b\u0435 \u0441\u043e\u043a\u0438", "action_flag": 2, "change_message": "[{\"changed\": {\"fields\": [\"description\"]}}]"}}, {"model": "admin.logentry", "pk": 110, "fields": {"action_time": "2017-07-11T05:58:16.199Z", "user": 1, "content_type": 9, "object_id": "1", "object_repr": "stock 1", "action_flag": 1, "change_message": "[{\"added\": {}}]"}}, {"model": "admin.logentry", "pk": 111, "fields": {"action_time": "2017-07-11T05:59:24.779Z", "user": 1, "content_type": 9, "object_id": "1", "object_repr": "stock 1", "action_flag": 2, "change_message": "[{\"changed\": {\"fields\": [\"description\"]}}]"}}, {"model": "admin.logentry", "pk": 112, "fields": {"action_time": "2017-07-11T06:03:57.691Z", "user": 1, "content_type": 9, "object_id": "2", "object_repr": "stock 2", "action_flag": 1, "change_message": "[{\"added\": {}}]"}}, {"model": "admin.logentry", "pk": 113, "fields": {"action_time": "2017-07-11T06:07:03.309Z", "user": 1, "content_type": 9, "object_id": "3", "object_repr": "stock 3", "action_flag": 1, "change_message": "[{\"added\": {}}]"}}, {"model": "admin.logentry", "pk": 114, "fields": {"action_time": "2017-07-11T06:10:34.096Z", "user": 1, "content_type": 9, "object_id": "4", "object_repr": "stock 4", "action_flag": 1, "change_message": "[{\"added\": {}}]"}}]